,year,scenario,fleet,metier,effshare,effort,efmet,gear
1,2017,baseline,BE_Beam_10<24m,OTH,1,224.5021716,224.5021716,OTH
2,2017,baseline,BE_Beam_24<40m,OTH,0.68118469,10179.87639,6934.375938,OTH
3,2017,baseline,BE_Beam_24<40m,TBB_DEF_27.7.g,0.31881531,10179.87639,3245.500447,TBB_DEF_27
4,2017,baseline,BE_Otter_24<40m,OTH,1,632.7195906,632.7195906,OTH
5,2017,baseline,EN_Beam_10<24m,OTH,1,1037.24131,1037.24131,OTH
6,2017,baseline,EN_Beam_24<40m,OTH,1,3287.53843,3287.53843,OTH
7,2017,baseline,EN_Other_all,OTH,1,3157.390324,3157.390324,OTH
8,2017,baseline,EN_Otter_<10m,OTH,1,426.61262,426.61262,OTH
9,2017,baseline,EN_Otter_10<24m,OTH,1,2370.029856,2370.029856,OTH
10,2017,baseline,EN_Otter_24<40m,OTB_DEF_27.7.j,0.484364995,1658.127296,803.13882,OTB_DEF_27
11,2017,baseline,EN_Otter_24<40m,OTH,0.515635005,1658.127296,854.9884765,OTH
12,2017,baseline,EN_Static_all,OTH,1,2441.516202,2441.516202,OTH
13,2017,baseline,FR_Other_all,OTH,1,11672.615,11672.615,OTH
14,2017,baseline,FR_Otter_10<24m,OTB_DEF_27.7.e,0.239316749,14143.448,3384.764,OTB_DEF_27
15,2017,baseline,FR_Otter_10<24m,OTB_DEF_27.7.h,0.084970794,14143.448,1201.78,OTB_DEF_27
16,2017,baseline,FR_Otter_10<24m,OTH,0.675712457,14143.448,9556.904,OTH
17,2017,baseline,FR_Otter_24<40m,OTB_DEF_27.7.e,0.175921897,15417.12,2712.209,OTB_DEF_27
18,2017,baseline,FR_Otter_24<40m,OTB_DEF_27.7.g,0.049938315,15417.12,769.905,OTB_DEF_27
19,2017,baseline,FR_Otter_24<40m,OTB_DEF_27.7.h,0.17686027,15417.12,2726.676,OTB_DEF_27
20,2017,baseline,FR_Otter_24<40m,OTB_DEF_27.7.j,0.206043995,15417.12,3176.605,OTB_DEF_27
21,2017,baseline,FR_Otter_24<40m,OTH,0.391235523,15417.12,6031.725,OTH
22,2017,baseline,FR_Otter_all,OTH,0.85674909,4327.435,3707.526,OTH
23,2017,baseline,FR_Otter_all,OTT_DEF_27.7.g,0.14325091,4327.435,619.909,OTT_DEF_27
24,2017,baseline,IE_Beam_10<24m,OTH,1,377.072,377.072,OTH
25,2017,baseline,IE_Beam_24<40m,OTH,0.006156554,1712.159,10.541,OTH
26,2017,baseline,IE_Beam_24<40m,TBB_DEF_27.7.g,0.993843446,1712.159,1701.618,TBB_DEF_27
27,2017,baseline,IE_Otter_10<24m,OTB_DEF_27.7.g,0.321756329,11936.076,3840.508,OTB_DEF_27
28,2017,baseline,IE_Otter_10<24m,OTB_DEF_27.7.j,0.170615033,11936.076,2036.474,OTB_DEF_27
29,2017,baseline,IE_Otter_10<24m,OTH,0.460695961,11936.076,5498.902,OTH
30,2017,baseline,IE_Otter_10<24m,SSC_DEF_27.7.g,0.046932677,11936.076,560.192,SSC_DEF_27
31,2017,baseline,IE_Otter_24<40m,OTB_DEF_27.7.b,0.056079913,8992.061,504.274,OTB_DEF_27
32,2017,baseline,IE_Otter_24<40m,OTB_DEF_27.7.g,0.181866871,8992.061,1635.358,OTB_DEF_27
33,2017,baseline,IE_Otter_24<40m,OTH,0.762053216,8992.061,6852.429,OTH
35,2017,baseline,SP_Static_24<40m,OTH,1,354.49814,354.49814,OTH
36,2017,baseline,SP_Static_all,LLS_DEF_27.7.c,0.102849071,2686.725953,276.3272684,LLS_DEF_27
37,2017,baseline,SP_Static_all,LLS_DEF_27.7.j,0.710490245,2686.725953,1908.892582,LLS_DEF_27
38,2017,baseline,SP_Static_all,OTH,0.186660684,2686.725953,501.506103,OTH
39,2019,max,BE_Beam_10<24m,OTH,1,231.6097079,231.6097079,OTH
40,2019,max,BE_Beam_24<40m,OTH,0.68118469,10502.16209,7153.912025,OTH
41,2019,max,BE_Beam_24<40m,TBB_DEF_27.7.g,0.31881531,10502.16209,3348.250064,TBB_DEF_27
42,2019,max,BE_Otter_24<40m,OTH,1,652.7509221,652.7509221,OTH
43,2019,max,EN_Beam_10<24m,OTH,1,1037.24131,1037.24131,OTH
44,2019,max,EN_Beam_24<40m,OTH,1,3287.53843,3287.53843,OTH
45,2019,max,EN_Other_all,OTH,1,3542.829087,3542.829087,OTH
46,2019,max,EN_Otter_<10m,OTH,1,426.61262,426.61262,OTH
47,2019,max,EN_Otter_10<24m,OTH,1,2370.029856,2370.029856,OTH
48,2019,max,EN_Otter_24<40m,OTB_DEF_27.7.j,0.484364995,1697.968157,822.4363382,OTB_DEF_27
49,2019,max,EN_Otter_24<40m,OTH,0.515635005,1697.968157,875.5318188,OTH
50,2019,max,EN_Static_all,OTH,1,3876.251525,3876.251525,OTH
51,2019,max,FR_Other_all,OTH,1,12042.15946,12042.15946,OTH
52,2019,max,FR_Otter_10<24m,OTB_DEF_27.7.e,0.239316749,14591.21681,3491.922575,OTB_DEF_27
53,2019,max,FR_Otter_10<24m,OTB_DEF_27.7.h,0.084970794,14591.21681,1239.827271,OTB_DEF_27
54,2019,max,FR_Otter_10<24m,OTH,0.675712457,14591.21681,9859.46696,OTH
55,2019,max,FR_Otter_24<40m,OTB_DEF_27.7.e,0.175921897,15905.21211,2798.075091,OTB_DEF_27
56,2019,max,FR_Otter_24<40m,OTB_DEF_27.7.g,0.049938315,15905.21211,794.2794979,OTB_DEF_27
57,2019,max,FR_Otter_24<40m,OTB_DEF_27.7.h,0.17686027,15905.21211,2813.000103,OTB_DEF_27
58,2019,max,FR_Otter_24<40m,OTB_DEF_27.7.j,0.206043995,15905.21211,3277.173449,OTB_DEF_27
59,2019,max,FR_Otter_24<40m,OTH,0.391235523,15905.21211,6222.683973,OTH
60,2019,max,FR_Otter_all,OTH,0.85674909,4327.435,3707.526,OTH
61,2019,max,FR_Otter_all,OTT_DEF_27.7.g,0.14325091,4327.435,619.909,OTT_DEF_27
62,2019,max,IE_Beam_10<24m,OTH,1,414.1214543,414.1214543,OTH
63,2019,max,IE_Beam_24<40m,OTH,0.006156554,1880.388295,11.5767128,OTH
64,2019,max,IE_Beam_24<40m,TBB_DEF_27.7.g,0.993843446,1880.388295,1868.811582,TBB_DEF_27
65,2019,max,IE_Otter_10<24m,OTB_DEF_27.7.g,0.321756329,12313.9614,3962.095019,OTB_DEF_27
66,2019,max,IE_Otter_10<24m,OTB_DEF_27.7.j,0.170615033,12313.9614,2100.94693,OTB_DEF_27
67,2019,max,IE_Otter_10<24m,OTH,0.460695961,12313.9614,5672.992277,OTH
68,2019,max,IE_Otter_10<24m,SSC_DEF_27.7.g,0.046932677,12313.9614,577.9271734,SSC_DEF_27
69,2019,max,IE_Otter_24<40m,OTB_DEF_27.7.b,0.056079913,9276.741541,520.23886,OTB_DEF_27
70,2019,max,IE_Otter_24<40m,OTB_DEF_27.7.g,0.181866871,9276.741541,1687.131959,OTB_DEF_27
71,2019,max,IE_Otter_24<40m,OTH,0.762053216,9276.741541,7069.370721,OTH
73,2019,max,SP_Static_24<40m,OTH,1,365.7212314,365.7212314,OTH
74,2019,max,SP_Static_all,LLS_DEF_27.7.c,0.102849071,2771.785274,285.0755404,LLS_DEF_27
75,2019,max,SP_Static_all,LLS_DEF_27.7.j,0.710490245,2771.785274,1969.326399,LLS_DEF_27
76,2019,max,SP_Static_all,OTH,0.186660684,2771.785274,517.3833338,OTH
77,2019,min,BE_Beam_10<24m,OTH,1,0,0,OTH
78,2019,min,BE_Beam_24<40m,OTH,0.68118469,0,0,OTH
79,2019,min,BE_Beam_24<40m,TBB_DEF_27.7.g,0.31881531,0,0,TBB_DEF_27
80,2019,min,BE_Otter_24<40m,OTH,1,0,0,OTH
81,2019,min,EN_Beam_10<24m,OTH,1,0,0,OTH
82,2019,min,EN_Beam_24<40m,OTH,1,0,0,OTH
83,2019,min,EN_Other_all,OTH,1,0,0,OTH
84,2019,min,EN_Otter_<10m,OTH,1,0,0,OTH
85,2019,min,EN_Otter_10<24m,OTH,1,0,0,OTH
86,2019,min,EN_Otter_24<40m,OTB_DEF_27.7.j,0.484364995,0,0,OTB_DEF_27
87,2019,min,EN_Otter_24<40m,OTH,0.515635005,0,0,OTH
88,2019,min,EN_Static_all,OTH,1,0,0,OTH
89,2019,min,FR_Other_all,OTH,1,6514.612067,6514.612067,OTH
90,2019,min,FR_Otter_10<24m,OTB_DEF_27.7.e,0.239316749,0,0,OTB_DEF_27
91,2019,min,FR_Otter_10<24m,OTB_DEF_27.7.h,0.084970794,0,0,OTB_DEF_27
92,2019,min,FR_Otter_10<24m,OTH,0.675712457,0,0,OTH
93,2019,min,FR_Otter_24<40m,OTB_DEF_27.7.e,0.175921897,0,0,OTB_DEF_27
94,2019,min,FR_Otter_24<40m,OTB_DEF_27.7.g,0.049938315,0,0,OTB_DEF_27
95,2019,min,FR_Otter_24<40m,OTB_DEF_27.7.h,0.17686027,0,0,OTB_DEF_27
96,2019,min,FR_Otter_24<40m,OTB_DEF_27.7.j,0.206043995,0,0,OTB_DEF_27
97,2019,min,FR_Otter_24<40m,OTH,0.391235523,0,0,OTH
98,2019,min,FR_Otter_all,OTH,0.85674909,2764.81546,2368.75313,OTH
99,2019,min,FR_Otter_all,OTT_DEF_27.7.g,0.14325091,2764.81546,396.0623295,OTT_DEF_27
100,2019,min,IE_Beam_10<24m,OTH,1,0,0,OTH
101,2019,min,IE_Beam_24<40m,OTH,0.006156554,0,0,OTH
102,2019,min,IE_Beam_24<40m,TBB_DEF_27.7.g,0.993843446,0,0,TBB_DEF_27
103,2019,min,IE_Otter_10<24m,OTB_DEF_27.7.g,0.321756329,0,0,OTB_DEF_27
104,2019,min,IE_Otter_10<24m,OTB_DEF_27.7.j,0.170615033,0,0,OTB_DEF_27
105,2019,min,IE_Otter_10<24m,OTH,0.460695961,0,0,OTH
106,2019,min,IE_Otter_10<24m,SSC_DEF_27.7.g,0.046932677,0,0,SSC_DEF_27
107,2019,min,IE_Otter_24<40m,OTB_DEF_27.7.b,0.056079913,0,0,OTB_DEF_27
108,2019,min,IE_Otter_24<40m,OTB_DEF_27.7.g,0.181866871,0,0,OTB_DEF_27
109,2019,min,IE_Otter_24<40m,OTH,0.762053216,0,0,OTH
111,2019,min,SP_Static_24<40m,OTH,1,293.7417341,293.7417341,OTH
112,2019,min,SP_Static_all,LLS_DEF_27.7.c,0.102849071,1713.647557,176.2470592,LLS_DEF_27
113,2019,min,SP_Static_all,LLS_DEF_27.7.j,0.710490245,1713.647557,1217.529873,LLS_DEF_27
114,2019,min,SP_Static_all,OTH,0.186660684,1713.647557,319.8706243,OTH
115,2019,cod-cs,BE_Beam_10<24m,OTH,1,0,0,OTH
116,2019,cod-cs,BE_Beam_24<40m,OTH,0.68118469,0,0,OTH
117,2019,cod-cs,BE_Beam_24<40m,TBB_DEF_27.7.g,0.31881531,0,0,TBB_DEF_27
118,2019,cod-cs,BE_Otter_24<40m,OTH,1,0,0,OTH
119,2019,cod-cs,EN_Beam_10<24m,OTH,1,0,0,OTH
120,2019,cod-cs,EN_Beam_24<40m,OTH,1,0,0,OTH
121,2019,cod-cs,EN_Other_all,OTH,1,0,0,OTH
122,2019,cod-cs,EN_Otter_<10m,OTH,1,0,0,OTH
123,2019,cod-cs,EN_Otter_10<24m,OTH,1,0,0,OTH
124,2019,cod-cs,EN_Otter_24<40m,OTB_DEF_27.7.j,0.484364995,0,0,OTB_DEF_27
125,2019,cod-cs,EN_Otter_24<40m,OTH,0.515635005,0,0,OTH
126,2019,cod-cs,EN_Static_all,OTH,1,0,0,OTH
127,2019,cod-cs,FR_Other_all,OTH,1,11672.615,11672.615,OTH
128,2019,cod-cs,FR_Otter_10<24m,OTB_DEF_27.7.e,0.239316749,0,0,OTB_DEF_27
129,2019,cod-cs,FR_Otter_10<24m,OTB_DEF_27.7.h,0.084970794,0,0,OTB_DEF_27
130,2019,cod-cs,FR_Otter_10<24m,OTH,0.675712457,0,0,OTH
131,2019,cod-cs,FR_Otter_24<40m,OTB_DEF_27.7.e,0.175921897,0,0,OTB_DEF_27
132,2019,cod-cs,FR_Otter_24<40m,OTB_DEF_27.7.g,0.049938315,0,0,OTB_DEF_27
133,2019,cod-cs,FR_Otter_24<40m,OTB_DEF_27.7.h,0.17686027,0,0,OTB_DEF_27
134,2019,cod-cs,FR_Otter_24<40m,OTB_DEF_27.7.j,0.206043995,0,0,OTB_DEF_27
135,2019,cod-cs,FR_Otter_24<40m,OTH,0.391235523,0,0,OTH
136,2019,cod-cs,FR_Otter_all,OTH,0.85674909,4327.435,3707.526,OTH
137,2019,cod-cs,FR_Otter_all,OTT_DEF_27.7.g,0.14325091,4327.435,619.909,OTT_DEF_27
138,2019,cod-cs,IE_Beam_10<24m,OTH,1,0,0,OTH
139,2019,cod-cs,IE_Beam_24<40m,OTH,0.006156554,0,0,OTH
140,2019,cod-cs,IE_Beam_24<40m,TBB_DEF_27.7.g,0.993843446,0,0,TBB_DEF_27
141,2019,cod-cs,IE_Otter_10<24m,OTB_DEF_27.7.g,0.321756329,0,0,OTB_DEF_27
142,2019,cod-cs,IE_Otter_10<24m,OTB_DEF_27.7.j,0.170615033,0,0,OTB_DEF_27
143,2019,cod-cs,IE_Otter_10<24m,OTH,0.460695961,0,0,OTH
144,2019,cod-cs,IE_Otter_10<24m,SSC_DEF_27.7.g,0.046932677,0,0,SSC_DEF_27
145,2019,cod-cs,IE_Otter_24<40m,OTB_DEF_27.7.b,0.056079913,0,0,OTB_DEF_27
146,2019,cod-cs,IE_Otter_24<40m,OTB_DEF_27.7.g,0.181866871,0,0,OTB_DEF_27
147,2019,cod-cs,IE_Otter_24<40m,OTH,0.762053216,0,0,OTH
149,2019,cod-cs,SP_Static_24<40m,OTH,1,354.49814,354.49814,OTH
150,2019,cod-cs,SP_Static_all,LLS_DEF_27.7.c,0.102849071,2686.725953,276.3272684,LLS_DEF_27
151,2019,cod-cs,SP_Static_all,LLS_DEF_27.7.j,0.710490245,2686.725953,1908.892582,LLS_DEF_27
152,2019,cod-cs,SP_Static_all,OTH,0.186660684,2686.725953,501.506103,OTH
153,2019,had-cs,BE_Beam_10<24m,OTH,1,162.0361223,162.0361223,OTH
154,2019,had-cs,BE_Beam_24<40m,OTH,0.68118469,7078.244058,4821.591483,OTH
155,2019,had-cs,BE_Beam_24<40m,TBB_DEF_27.7.g,0.31881531,7078.244058,2256.652575,TBB_DEF_27
156,2019,had-cs,BE_Otter_24<40m,OTH,1,451.3358123,451.3358123,OTH
157,2019,had-cs,EN_Beam_10<24m,OTH,1,779.3314854,779.3314854,OTH
158,2019,had-cs,EN_Beam_24<40m,OTH,1,2470.092719,2470.092719,OTH
159,2019,had-cs,EN_Other_all,OTH,1,3542.829087,3542.829087,OTH
160,2019,had-cs,EN_Otter_<10m,OTH,1,180.9947934,180.9947934,OTH
161,2019,had-cs,EN_Otter_10<24m,OTH,1,944.8626741,944.8626741,OTH
162,2019,had-cs,EN_Otter_24<40m,OTB_DEF_27.7.j,0.484364995,756.4971171,366.4207225,OTB_DEF_27
163,2019,had-cs,EN_Otter_24<40m,OTH,0.515635005,756.4971171,390.0763946,OTH
164,2019,had-cs,EN_Static_all,OTH,1,3876.251525,3876.251525,OTH
165,2019,had-cs,FR_Other_all,OTH,1,8333.229358,8333.229358,OTH
166,2019,had-cs,FR_Otter_10<24m,OTB_DEF_27.7.e,0.239316749,14119.32184,3378.990206,OTB_DEF_27
167,2019,had-cs,FR_Otter_10<24m,OTB_DEF_27.7.h,0.084970794,14119.32184,1199.729981,OTB_DEF_27
168,2019,had-cs,FR_Otter_10<24m,OTH,0.675712457,14119.32184,9540.601654,OTH
169,2019,had-cs,FR_Otter_24<40m,OTB_DEF_27.7.e,0.175921897,14060.84218,2473.610033,OTB_DEF_27
170,2019,had-cs,FR_Otter_24<40m,OTB_DEF_27.7.g,0.049938315,14060.84218,702.1747706,OTB_DEF_27
171,2019,had-cs,FR_Otter_24<40m,OTB_DEF_27.7.h,0.17686027,14060.84218,2486.804339,OTB_DEF_27
172,2019,had-cs,FR_Otter_24<40m,OTB_DEF_27.7.j,0.206043995,14060.84218,2897.152099,OTB_DEF_27
173,2019,had-cs,FR_Otter_24<40m,OTH,0.391235523,14060.84218,5501.100938,OTH
174,2019,had-cs,FR_Otter_all,OTH,0.85674909,4327.435,3707.526,OTH
175,2019,had-cs,FR_Otter_all,OTT_DEF_27.7.g,0.14325091,4327.435,619.909,OTT_DEF_27
176,2019,had-cs,IE_Beam_10<24m,OTH,1,414.1214543,414.1214543,OTH
177,2019,had-cs,IE_Beam_24<40m,OTH,0.006156554,1880.388295,11.5767128,OTH
178,2019,had-cs,IE_Beam_24<40m,TBB_DEF_27.7.g,0.993843446,1880.388295,1868.811582,TBB_DEF_27
179,2019,had-cs,IE_Otter_10<24m,OTB_DEF_27.7.g,0.321756329,12209.89504,3928.611009,OTB_DEF_27
180,2019,had-cs,IE_Otter_10<24m,OTB_DEF_27.7.j,0.170615033,12209.89504,2083.191645,OTB_DEF_27
181,2019,had-cs,IE_Otter_10<24m,OTH,0.460695961,12209.89504,5625.049326,OTH
182,2019,had-cs,IE_Otter_10<24m,SSC_DEF_27.7.g,0.046932677,12209.89504,573.0430606,SSC_DEF_27
183,2019,had-cs,IE_Otter_24<40m,OTB_DEF_27.7.b,0.056079913,8954.02575,502.1409865,OTB_DEF_27
184,2019,had-cs,IE_Otter_24<40m,OTB_DEF_27.7.g,0.181866871,8954.02575,1628.440648,OTB_DEF_27
185,2019,had-cs,IE_Otter_24<40m,OTH,0.762053216,8954.02575,6823.444115,OTH
187,2019,had-cs,SP_Static_24<40m,OTH,1,354.49814,354.49814,OTH
188,2019,had-cs,SP_Static_all,LLS_DEF_27.7.c,0.102849071,1713.647557,176.2470592,LLS_DEF_27
189,2019,had-cs,SP_Static_all,LLS_DEF_27.7.j,0.710490245,1713.647557,1217.529873,LLS_DEF_27
190,2019,had-cs,SP_Static_all,OTH,0.186660684,1713.647557,319.8706243,OTH
191,2019,whg-cs,BE_Beam_10<24m,OTH,1,120.685122,120.685122,OTH
192,2019,whg-cs,BE_Beam_24<40m,OTH,0.68118469,5179.242964,3528.021012,OTH
193,2019,whg-cs,BE_Beam_24<40m,TBB_DEF_27.7.g,0.31881531,5179.242964,1651.221952,TBB_DEF_27
194,2019,whg-cs,BE_Otter_24<40m,OTH,1,378.4646889,378.4646889,OTH
195,2019,whg-cs,EN_Beam_10<24m,OTH,1,402.1280205,402.1280205,OTH
196,2019,whg-cs,EN_Beam_24<40m,OTH,1,1274.545574,1274.545574,OTH
197,2019,whg-cs,EN_Other_all,OTH,1,2295.025853,2295.025853,OTH
198,2019,whg-cs,EN_Otter_<10m,OTH,1,291.9890127,291.9890127,OTH
199,2019,whg-cs,EN_Otter_10<24m,OTH,1,1490.307131,1490.307131,OTH
200,2019,whg-cs,EN_Otter_24<40m,OTB_DEF_27.7.j,0.484364995,1139.927791,552.1411188,OTB_DEF_27
201,2019,whg-cs,EN_Otter_24<40m,OTH,0.515635005,1139.927791,587.7866717,OTH
202,2019,whg-cs,EN_Static_all,OTH,1,1181.142018,1181.142018,OTH
203,2019,whg-cs,FR_Other_all,OTH,1,6514.612067,6514.612067,OTH
204,2019,whg-cs,FR_Otter_10<24m,OTB_DEF_27.7.e,0.239316749,8331.36964,1993.8363,OTB_DEF_27
205,2019,whg-cs,FR_Otter_10<24m,OTB_DEF_27.7.h,0.084970794,8331.36964,707.9230896,OTB_DEF_27
206,2019,whg-cs,FR_Otter_10<24m,OTH,0.675712457,8331.36964,5629.610251,OTH
207,2019,whg-cs,FR_Otter_24<40m,OTB_DEF_27.7.e,0.175921897,9176.469249,1614.34188,OTB_DEF_27
208,2019,whg-cs,FR_Otter_24<40m,OTB_DEF_27.7.g,0.049938315,9176.469249,458.257415,OTB_DEF_27
209,2019,whg-cs,FR_Otter_24<40m,OTB_DEF_27.7.h,0.17686027,9176.469249,1622.952826,OTB_DEF_27
210,2019,whg-cs,FR_Otter_24<40m,OTB_DEF_27.7.j,0.206043995,9176.469249,1890.756386,OTB_DEF_27
211,2019,whg-cs,FR_Otter_24<40m,OTH,0.391235523,9176.469249,3590.160742,OTH
212,2019,whg-cs,FR_Otter_all,OTH,0.85674909,2764.81546,2368.75313,OTH
213,2019,whg-cs,FR_Otter_all,OTT_DEF_27.7.g,0.14325091,2764.81546,396.0623295,OTT_DEF_27
214,2019,whg-cs,IE_Beam_10<24m,OTH,1,303.733689,303.733689,OTH
215,2019,whg-cs,IE_Beam_24<40m,OTH,0.006156554,1379.154032,8.490836804,OTH
216,2019,whg-cs,IE_Beam_24<40m,TBB_DEF_27.7.g,0.993843446,1379.154032,1370.663195,TBB_DEF_27
217,2019,whg-cs,IE_Otter_10<24m,OTB_DEF_27.7.g,0.321756329,9303.01555,2993.304135,OTB_DEF_27
218,2019,whg-cs,IE_Otter_10<24m,OTB_DEF_27.7.j,0.170615033,9303.01555,1587.234305,OTB_DEF_27
219,2019,whg-cs,IE_Otter_10<24m,OTH,0.460695961,9303.01555,4285.861686,OTH
220,2019,whg-cs,IE_Otter_10<24m,SSC_DEF_27.7.g,0.046932677,9303.01555,436.6154243,SSC_DEF_27
221,2019,whg-cs,IE_Otter_24<40m,OTB_DEF_27.7.b,0.056079913,7144.140325,400.642769,OTB_DEF_27
222,2019,whg-cs,IE_Otter_24<40m,OTB_DEF_27.7.g,0.181866871,7144.140325,1299.282449,OTB_DEF_27
223,2019,whg-cs,IE_Otter_24<40m,OTH,0.762053216,7144.140325,5444.215108,OTH
225,2019,whg-cs,SP_Static_24<40m,OTH,1,354.49814,354.49814,OTH
226,2019,whg-cs,SP_Static_all,LLS_DEF_27.7.c,0.102849071,2686.725953,276.3272684,LLS_DEF_27
227,2019,whg-cs,SP_Static_all,LLS_DEF_27.7.j,0.710490245,2686.725953,1908.892582,LLS_DEF_27
228,2019,whg-cs,SP_Static_all,OTH,0.186660684,2686.725953,501.506103,OTH
229,2019,sq_E,BE_Beam_10<24m,OTH,1,224.5021716,224.5021716,OTH
230,2019,sq_E,BE_Beam_24<40m,OTH,0.68118469,10179.87639,6934.375938,OTH
231,2019,sq_E,BE_Beam_24<40m,TBB_DEF_27.7.g,0.31881531,10179.87639,3245.500447,TBB_DEF_27
232,2019,sq_E,BE_Otter_24<40m,OTH,1,632.7195906,632.7195906,OTH
233,2019,sq_E,EN_Beam_10<24m,OTH,1,1037.24131,1037.24131,OTH
234,2019,sq_E,EN_Beam_24<40m,OTH,1,3287.53843,3287.53843,OTH
235,2019,sq_E,EN_Other_all,OTH,1,3157.390324,3157.390324,OTH
236,2019,sq_E,EN_Otter_<10m,OTH,1,426.61262,426.61262,OTH
237,2019,sq_E,EN_Otter_10<24m,OTH,1,2370.029856,2370.029856,OTH
238,2019,sq_E,EN_Otter_24<40m,OTB_DEF_27.7.j,0.484364995,1658.127296,803.13882,OTB_DEF_27
239,2019,sq_E,EN_Otter_24<40m,OTH,0.515635005,1658.127296,854.9884765,OTH
240,2019,sq_E,EN_Static_all,OTH,1,2441.516202,2441.516202,OTH
241,2019,sq_E,FR_Other_all,OTH,1,11672.615,11672.615,OTH
242,2019,sq_E,FR_Otter_10<24m,OTB_DEF_27.7.e,0.239316749,14143.448,3384.764,OTB_DEF_27
243,2019,sq_E,FR_Otter_10<24m,OTB_DEF_27.7.h,0.084970794,14143.448,1201.78,OTB_DEF_27
244,2019,sq_E,FR_Otter_10<24m,OTH,0.675712457,14143.448,9556.904,OTH
245,2019,sq_E,FR_Otter_24<40m,OTB_DEF_27.7.e,0.175921897,15417.12,2712.209,OTB_DEF_27
246,2019,sq_E,FR_Otter_24<40m,OTB_DEF_27.7.g,0.049938315,15417.12,769.905,OTB_DEF_27
247,2019,sq_E,FR_Otter_24<40m,OTB_DEF_27.7.h,0.17686027,15417.12,2726.676,OTB_DEF_27
248,2019,sq_E,FR_Otter_24<40m,OTB_DEF_27.7.j,0.206043995,15417.12,3176.605,OTB_DEF_27
249,2019,sq_E,FR_Otter_24<40m,OTH,0.391235523,15417.12,6031.725,OTH
250,2019,sq_E,FR_Otter_all,OTH,0.85674909,4327.435,3707.526,OTH
251,2019,sq_E,FR_Otter_all,OTT_DEF_27.7.g,0.14325091,4327.435,619.909,OTT_DEF_27
252,2019,sq_E,IE_Beam_10<24m,OTH,1,377.072,377.072,OTH
253,2019,sq_E,IE_Beam_24<40m,OTH,0.006156554,1712.159,10.541,OTH
254,2019,sq_E,IE_Beam_24<40m,TBB_DEF_27.7.g,0.993843446,1712.159,1701.618,TBB_DEF_27
255,2019,sq_E,IE_Otter_10<24m,OTB_DEF_27.7.g,0.321756329,11936.076,3840.508,OTB_DEF_27
256,2019,sq_E,IE_Otter_10<24m,OTB_DEF_27.7.j,0.170615033,11936.076,2036.474,OTB_DEF_27
257,2019,sq_E,IE_Otter_10<24m,OTH,0.460695961,11936.076,5498.902,OTH
258,2019,sq_E,IE_Otter_10<24m,SSC_DEF_27.7.g,0.046932677,11936.076,560.192,SSC_DEF_27
259,2019,sq_E,IE_Otter_24<40m,OTB_DEF_27.7.b,0.056079913,8992.061,504.274,OTB_DEF_27
260,2019,sq_E,IE_Otter_24<40m,OTB_DEF_27.7.g,0.181866871,8992.061,1635.358,OTB_DEF_27
261,2019,sq_E,IE_Otter_24<40m,OTH,0.762053216,8992.061,6852.429,OTH
263,2019,sq_E,SP_Static_24<40m,OTH,1,354.49814,354.49814,OTH
264,2019,sq_E,SP_Static_all,LLS_DEF_27.7.c,0.102849071,2686.725953,276.3272684,LLS_DEF_27
265,2019,sq_E,SP_Static_all,LLS_DEF_27.7.j,0.710490245,2686.725953,1908.892582,LLS_DEF_27
266,2019,sq_E,SP_Static_all,OTH,0.186660684,2686.725953,501.506103,OTH
267,2019,val,BE_Beam_10<24m,OTH,1,203.821955,203.821955,OTH
268,2019,val,BE_Beam_24<40m,OTH,0.68118469,9578.68865,6524.856057,OTH
269,2019,val,BE_Beam_24<40m,TBB_DEF_27.7.g,0.31881531,9578.68865,3053.832593,TBB_DEF_27
270,2019,val,BE_Otter_24<40m,OTH,1,562.3721087,562.3721087,OTH
271,2019,val,EN_Beam_10<24m,OTH,1,973.8304148,973.8304148,OTH
272,2019,val,EN_Beam_24<40m,OTH,1,3028.812838,3028.812838,OTH
273,2019,val,EN_Other_all,OTH,1,2557.908214,2557.908214,OTH
274,2019,val,EN_Otter_<10m,OTH,1,314.9206304,314.9206304,OTH
275,2019,val,EN_Otter_10<24m,OTH,1,1619.880324,1619.880324,OTH
276,2019,val,EN_Otter_24<40m,OTB_DEF_27.7.j,0.484364995,1584.278258,767.3689311,OTB_DEF_27
277,2019,val,EN_Otter_24<40m,OTH,0.515635005,1584.278258,816.9093274,OTH
278,2019,val,EN_Static_all,OTH,1,2140.387488,2140.387488,OTH
279,2019,val,FR_Other_all,OTH,1,9555.26251,9555.26251,OTH
280,2019,val,FR_Otter_10<24m,OTB_DEF_27.7.e,0.239316749,10428.98131,2495.829907,OTB_DEF_27
281,2019,val,FR_Otter_10<24m,OTB_DEF_27.7.h,0.084970794,10428.98131,886.1588179,OTB_DEF_27
282,2019,val,FR_Otter_10<24m,OTH,0.675712457,10428.98131,7046.992587,OTH
283,2019,val,FR_Otter_24<40m,OTB_DEF_27.7.e,0.175921897,13228.93085,2327.258614,OTB_DEF_27
284,2019,val,FR_Otter_24<40m,OTB_DEF_27.7.g,0.049938315,13228.93085,660.6305203,OTB_DEF_27
285,2019,val,FR_Otter_24<40m,OTB_DEF_27.7.h,0.17686027,13228.93085,2339.672277,OTB_DEF_27
286,2019,val,FR_Otter_24<40m,OTB_DEF_27.7.j,0.206043995,13228.93085,2725.741766,OTB_DEF_27
287,2019,val,FR_Otter_24<40m,OTH,0.391235523,13228.93085,5175.627675,OTH
288,2019,val,FR_Otter_all,OTH,0.85674909,4002.773306,3429.372389,OTH
289,2019,val,FR_Otter_all,OTT_DEF_27.7.g,0.14325091,4002.773306,573.400917,OTT_DEF_27
290,2019,val,IE_Beam_10<24m,OTH,1,322.9814938,322.9814938,OTH
291,2019,val,IE_Beam_24<40m,OTH,0.006156554,1492.005913,9.185615547,OTH
292,2019,val,IE_Beam_24<40m,TBB_DEF_27.7.g,0.993843446,1492.005913,1482.820298,TBB_DEF_27
293,2019,val,IE_Otter_10<24m,OTB_DEF_27.7.g,0.321756329,9084.578963,2923.02078,OTB_DEF_27
294,2019,val,IE_Otter_10<24m,OTB_DEF_27.7.j,0.170615033,9084.578963,1549.965739,OTB_DEF_27
295,2019,val,IE_Otter_10<24m,OTH,0.460695961,9084.578963,4185.228833,OTH
296,2019,val,IE_Otter_10<24m,SSC_DEF_27.7.g,0.046932677,9084.578963,426.3636105,SSC_DEF_27
297,2019,val,IE_Otter_24<40m,OTB_DEF_27.7.b,0.056079913,6869.05561,385.2160421,OTB_DEF_27
298,2019,val,IE_Otter_24<40m,OTB_DEF_27.7.g,0.181866871,6869.05561,1249.253652,OTB_DEF_27
299,2019,val,IE_Otter_24<40m,OTH,0.762053216,6869.05561,5234.585916,OTH
301,2019,val,SP_Static_24<40m,OTH,1,293.7417341,293.7417341,OTH
302,2019,val,SP_Static_all,LLS_DEF_27.7.c,0.102849071,2226.501439,228.9936046,LLS_DEF_27
303,2019,val,SP_Static_all,LLS_DEF_27.7.j,0.710490245,2226.501439,1581.907554,LLS_DEF_27
304,2019,val,SP_Static_all,OTH,0.186660684,2226.501439,415.6002805,OTH
