FishStock,Year,var,value,Advice.Year
HAD,1993,SSB,7539.815,2018
HAD,1994,SSB,8091.734,2018
HAD,1995,SSB,7447.816,2018
HAD,1996,SSB,19845.44,2018
HAD,1997,SSB,28983.63,2018
HAD,1998,SSB,22619.79,2018
HAD,1999,SSB,14338.61,2018
HAD,2000,SSB,17680.12,2018
HAD,2001,SSB,29554.02,2018
HAD,2002,SSB,36390.95,2018
HAD,2003,SSB,25777.22,2018
HAD,2004,SSB,43538.27,2018
HAD,2005,SSB,30028.52,2018
HAD,2006,SSB,23780.33,2018
HAD,2007,SSB,25314.54,2018
HAD,2008,SSB,24232.65,2018
HAD,2009,SSB,36609.68,2018
HAD,2010,SSB,37827.65,2018
HAD,2011,SSB,85975.07,2018
HAD,2012,SSB,68825.87,2018
HAD,2013,SSB,41265.41,2018
HAD,2014,SSB,25428.5,2018
HAD,2015,SSB,38739.56,2018
HAD,2016,SSB,29518.38,2018
HAD,2017,SSB,33959.98,2018
HAD,2018,SSB,19318.50183,2018
COD,1971,SSB,10093,2018
COD,1972,SSB,9298,2018
COD,1973,SSB,8617,2018
COD,1974,SSB,8327,2018
COD,1975,SSB,7526,2018
COD,1976,SSB,7316,2018
COD,1977,SSB,8841,2018
COD,1978,SSB,9689,2018
COD,1979,SSB,9848,2018
COD,1980,SSB,10347,2018
COD,1981,SSB,11212,2018
COD,1982,SSB,13547,2018
COD,1983,SSB,13008,2018
COD,1984,SSB,9568,2018
COD,1985,SSB,13103,2018
COD,1986,SSB,13692,2018
COD,1987,SSB,11364,2018
COD,1988,SSB,16606,2018
COD,1989,SSB,26324,2018
COD,1990,SSB,19126,2018
COD,1991,SSB,10846,2018
COD,1992,SSB,9073,2018
COD,1993,SSB,12280,2018
COD,1994,SSB,14358,2018
COD,1995,SSB,13022,2018
COD,1996,SSB,15904,2018
COD,1997,SSB,14076,2018
COD,1998,SSB,12544,2018
COD,1999,SSB,10912,2018
COD,2000,SSB,7580,2018
COD,2001,SSB,8470,2018
COD,2002,SSB,10756,2018
COD,2003,SSB,8810,2018
COD,2004,SSB,4606,2018
COD,2005,SSB,3368,2018
COD,2006,SSB,3746,2018
COD,2007,SSB,5093,2018
COD,2008,SSB,5412,2018
COD,2009,SSB,5027,2018
COD,2010,SSB,4872,2018
COD,2011,SSB,8957,2018
COD,2012,SSB,13480,2018
COD,2013,SSB,9486,2018
COD,2014,SSB,4762,2018
COD,2015,SSB,4687,2018
COD,2016,SSB,5264,2018
COD,2017,SSB,3669,2018
COD,2018,SSB,4179,2018
WHG,1999,SSB,50349,2018
WHG,2000,SSB,42424,2018
WHG,2001,SSB,50674,2018
WHG,2002,SSB,57460,2018
WHG,2003,SSB,45153,2018
WHG,2004,SSB,39083,2018
WHG,2005,SSB,40742,2018
WHG,2006,SSB,34429,2018
WHG,2007,SSB,29805,2018
WHG,2008,SSB,25819,2018
WHG,2009,SSB,35043,2018
WHG,2010,SSB,50049,2018
WHG,2011,SSB,78666,2018
WHG,2012,SSB,84943,2018
WHG,2013,SSB,78884,2018
WHG,2014,SSB,67627,2018
WHG,2015,SSB,76187,2018
WHG,2016,SSB,57048,2018
WHG,2017,SSB,42470,2018
WHG,2018,SSB,40029,2018
HAD,1993,Catch,4556,2018
HAD,1994,Catch,6017,2018
HAD,1995,Catch,6688,2018
HAD,1996,Catch,11065,2018
HAD,1997,Catch,13710,2018
HAD,1998,Catch,8862,2018
HAD,1999,Catch,5556,2018
HAD,2000,Catch,10002,2018
HAD,2001,Catch,12696,2018
HAD,2002,Catch,13561,2018
HAD,2003,Catch,17748,2018
HAD,2004,Catch,15527,2018
HAD,2005,Catch,11978,2018
HAD,2006,Catch,8077,2018
HAD,2007,Catch,9520,2018
HAD,2008,Catch,18642,2018
HAD,2009,Catch,18688,2018
HAD,2010,Catch,26809,2018
HAD,2011,Catch,27257,2018
HAD,2012,Catch,28567,2018
HAD,2013,Catch,15509,2018
HAD,2014,Catch,13031,2018
HAD,2015,Catch,15239,2018
HAD,2016,Catch,17931,2018
HAD,2017,Catch,16072,2018
HAD,2018,Catch,10837,2018
COD,1971,Catch,5782,2018
COD,1972,Catch,4737,2018
COD,1973,Catch,4015,2018
COD,1974,Catch,2898,2018
COD,1975,Catch,3993,2018
COD,1976,Catch,4818,2018
COD,1977,Catch,3059,2018
COD,1978,Catch,3647,2018
COD,1979,Catch,4650,2018
COD,1980,Catch,7243,2018
COD,1981,Catch,10597,2018
COD,1982,Catch,8766,2018
COD,1983,Catch,9641,2018
COD,1984,Catch,6631,2018
COD,1985,Catch,8317,2018
COD,1986,Catch,10475,2018
COD,1987,Catch,10228,2018
COD,1988,Catch,17191,2018
COD,1989,Catch,19809,2018
COD,1990,Catch,12749,2018
COD,1991,Catch,9336,2018
COD,1992,Catch,9747,2018
COD,1993,Catch,10425,2018
COD,1994,Catch,10620,2018
COD,1995,Catch,11709,2018
COD,1996,Catch,12681,2018
COD,1997,Catch,12035,2018
COD,1998,Catch,11431,2018
COD,1999,Catch,8594,2018
COD,2000,Catch,6536,2018
COD,2001,Catch,8308,2018
COD,2002,Catch,9236,2018
COD,2003,Catch,6420,2018
COD,2004,Catch,3672,2018
COD,2005,Catch,3062,2018
COD,2006,Catch,3776,2018
COD,2007,Catch,4830,2018
COD,2008,Catch,3961,2018
COD,2009,Catch,3292,2018
COD,2010,Catch,3229,2018
COD,2011,Catch,7261,2018
COD,2012,Catch,7692,2018
COD,2013,Catch,6290,2018
COD,2014,Catch,3879,2018
COD,2015,Catch,4154,2018
COD,2016,Catch,3299,2018
COD,2017,Catch,2237,2018
COD,2018,Catch,2551,2018
WHG,1999,Catch,25600,2018
WHG,2000,Catch,20044,2018
WHG,2001,Catch,23073,2018
WHG,2002,Catch,20976,2018
WHG,2003,Catch,14657,2018
WHG,2004,Catch,16669,2018
WHG,2005,Catch,18907,2018
WHG,2006,Catch,21691,2018
WHG,2007,Catch,17542,2018
WHG,2008,Catch,8739,2018
WHG,2009,Catch,10673,2018
WHG,2010,Catch,11522,2018
WHG,2011,Catch,11452,2018
WHG,2012,Catch,12261,2018
WHG,2013,Catch,14914,2018
WHG,2014,Catch,16824,2018
WHG,2015,Catch,19275,2018
WHG,2016,Catch,22457,2018
WHG,2017,Catch,16198,2018
WHG,2018,Catch,15770,2018
HAD,1993,F,1.089246,2018
HAD,1994,F,1.072749,2018
HAD,1995,F,0.8415689,2018
HAD,1996,F,0.8319038,2018
HAD,1997,F,0.7079853,2018
HAD,1998,F,0.749341,2018
HAD,1999,F,0.5161658,2018
HAD,2000,F,0.6585982,2018
HAD,2001,F,0.7006216,2018
HAD,2002,F,1.241081,2018
HAD,2003,F,0.6560264,2018
HAD,2004,F,0.7749867,2018
HAD,2005,F,0.817897,2018
HAD,2006,F,0.5094193,2018
HAD,2007,F,0.4083679,2018
HAD,2008,F,0.725877,2018
HAD,2009,F,0.5729725,2018
HAD,2010,F,0.5919343,2018
HAD,2011,F,0.4654384,2018
HAD,2012,F,0.5730865,2018
HAD,2013,F,0.492463,2018
HAD,2014,F,0.5112143,2018
HAD,2015,F,0.4848166,2018
HAD,2016,F,0.6211905,2018
HAD,2017,F,0.6578188,2018
HAD,2018,F,0.66,2018
COD,1971,F,0.557,2018
COD,1972,F,0.517,2018
COD,1973,F,0.541,2018
COD,1974,F,0.375,2018
COD,1975,F,0.678,2018
COD,1976,F,0.554,2018
COD,1977,F,0.349,2018
COD,1978,F,0.361,2018
COD,1979,F,0.467,2018
COD,1980,F,0.694,2018
COD,1981,F,0.808,2018
COD,1982,F,0.64,2018
COD,1983,F,0.834,2018
COD,1984,F,0.531,2018
COD,1985,F,0.539,2018
COD,1986,F,0.787,2018
COD,1987,F,0.811,2018
COD,1988,F,0.639,2018
COD,1989,F,0.817,2018
COD,1990,F,0.855,2018
COD,1991,F,0.981,2018
COD,1992,F,0.851,2018
COD,1993,F,0.749,2018
COD,1994,F,0.75,2018
COD,1995,F,0.726,2018
COD,1996,F,0.855,2018
COD,1997,F,0.809,2018
COD,1998,F,0.962,2018
COD,1999,F,0.883,2018
COD,2000,F,0.771,2018
COD,2001,F,0.768,2018
COD,2002,F,0.866,2018
COD,2003,F,0.949,2018
COD,2004,F,0.968,2018
COD,2005,F,0.999,2018
COD,2006,F,0.842,2018
COD,2007,F,0.843,2018
COD,2008,F,0.768,2018
COD,2009,F,0.784,2018
COD,2010,F,0.574,2018
COD,2011,F,0.503,2018
COD,2012,F,0.698,2018
COD,2013,F,0.977,2018
COD,2014,F,0.873,2018
COD,2015,F,0.747,2018
COD,2016,F,0.585,2018
COD,2017,F,0.612,2018
COD,2018,F,0.612,2018
WHG,1999,F,0.7192,2018
WHG,2000,F,0.7029,2018
WHG,2001,F,0.7796,2018
WHG,2002,F,0.5791,2018
WHG,2003,F,0.4257,2018
WHG,2004,F,0.4078,2018
WHG,2005,F,0.7185,2018
WHG,2006,F,0.7757,2018
WHG,2007,F,0.8952,2018
WHG,2008,F,0.5053,2018
WHG,2009,F,0.3851,2018
WHG,2010,F,0.3693,2018
WHG,2011,F,0.2556,2018
WHG,2012,F,0.1735,2018
WHG,2013,F,0.2165,2018
WHG,2014,F,0.274,2018
WHG,2015,F,0.3627,2018
WHG,2016,F,0.4861,2018
WHG,2017,F,0.5393,2018
WHG,2018,F,0.54,2018
COD,1971,Catch,5782,2017
COD,1972,Catch,4737,2017
COD,1973,Catch,4015,2017
COD,1974,Catch,2898,2017
COD,1975,Catch,3993,2017
COD,1976,Catch,4818,2017
COD,1977,Catch,3059,2017
COD,1978,Catch,3647,2017
COD,1979,Catch,4650,2017
COD,1980,Catch,7243,2017
COD,1981,Catch,10597,2017
COD,1982,Catch,8766,2017
COD,1983,Catch,9641,2017
COD,1984,Catch,6631,2017
COD,1985,Catch,8317,2017
COD,1986,Catch,10475,2017
COD,1987,Catch,10228,2017
COD,1988,Catch,17191,2017
COD,1989,Catch,19809,2017
COD,1990,Catch,12749,2017
COD,1991,Catch,9336,2017
COD,1992,Catch,9747,2017
COD,1993,Catch,10425,2017
COD,1994,Catch,10620,2017
COD,1995,Catch,11709,2017
COD,1996,Catch,12681,2017
COD,1997,Catch,12035,2017
COD,1998,Catch,11431,2017
COD,1999,Catch,8594,2017
COD,2000,Catch,6536,2017
COD,2001,Catch,8308,2017
COD,2002,Catch,9236,2017
COD,2003,Catch,6420,2017
COD,2004,Catch,3672,2017
COD,2005,Catch,3062,2017
COD,2006,Catch,3776,2017
COD,2007,Catch,4830,2017
COD,2008,Catch,3961,2017
COD,2009,Catch,3292,2017
COD,2010,Catch,3229,2017
COD,2011,Catch,7261,2017
COD,2012,Catch,8644,2017
COD,2013,Catch,6820,2017
COD,2014,Catch,4620,2017
COD,2015,Catch,4719,2017
COD,2016,Catch,3519,2017
COD,2017,Catch,3704,2017
COD,1971,SSB,10093,2017
COD,1972,SSB,9298,2017
COD,1973,SSB,8617,2017
COD,1974,SSB,8327,2017
COD,1975,SSB,7526,2017
COD,1976,SSB,7316,2017
COD,1977,SSB,8841,2017
COD,1978,SSB,9689,2017
COD,1979,SSB,9848,2017
COD,1980,SSB,10347,2017
COD,1981,SSB,11212,2017
COD,1982,SSB,13547,2017
COD,1983,SSB,13008,2017
COD,1984,SSB,9568,2017
COD,1985,SSB,13103,2017
COD,1986,SSB,13692,2017
COD,1987,SSB,11364,2017
COD,1988,SSB,16607,2017
COD,1989,SSB,26324,2017
COD,1990,SSB,19126,2017
COD,1991,SSB,10846,2017
COD,1992,SSB,9074,2017
COD,1993,SSB,12281,2017
COD,1994,SSB,14360,2017
COD,1995,SSB,13027,2017
COD,1996,SSB,15916,2017
COD,1997,SSB,14101,2017
COD,1998,SSB,12590,2017
COD,1999,SSB,10985,2017
COD,2000,SSB,7673,2017
COD,2001,SSB,8590,2017
COD,2002,SSB,10858,2017
COD,2003,SSB,8873,2017
COD,2004,SSB,4641,2017
COD,2005,SSB,3397,2017
COD,2006,SSB,3769,2017
COD,2007,SSB,5121,2017
COD,2008,SSB,5455,2017
COD,2009,SSB,5092,2017
COD,2010,SSB,4956,2017
COD,2011,SSB,9064,2017
COD,2012,SSB,13628,2017
COD,2013,SSB,9604,2017
COD,2014,SSB,4929,2017
COD,2015,SSB,5327,2017
COD,2016,SSB,7043,2017
COD,2017,SSB,7140,2017
COD,1971,F,0.56,2017
COD,1972,F,0.52,2017
COD,1973,F,0.54,2017
COD,1974,F,0.38,2017
COD,1975,F,0.68,2017
COD,1976,F,0.55,2017
COD,1977,F,0.35,2017
COD,1978,F,0.36,2017
COD,1979,F,0.47,2017
COD,1980,F,0.69,2017
COD,1981,F,0.81,2017
COD,1982,F,0.64,2017
COD,1983,F,0.83,2017
COD,1984,F,0.53,2017
COD,1985,F,0.54,2017
COD,1986,F,0.79,2017
COD,1987,F,0.81,2017
COD,1988,F,0.64,2017
COD,1989,F,0.82,2017
COD,1990,F,0.86,2017
COD,1991,F,0.98,2017
COD,1992,F,0.85,2017
COD,1993,F,0.75,2017
COD,1994,F,0.75,2017
COD,1995,F,0.73,2017
COD,1996,F,0.85,2017
COD,1997,F,0.81,2017
COD,1998,F,0.96,2017
COD,1999,F,0.87,2017
COD,2000,F,0.76,2017
COD,2001,F,0.76,2017
COD,2002,F,0.86,2017
COD,2003,F,0.94,2017
COD,2004,F,0.96,2017
COD,2005,F,0.99,2017
COD,2006,F,0.83,2017
COD,2007,F,0.83,2017
COD,2008,F,0.76,2017
COD,2009,F,0.77,2017
COD,2010,F,0.56,2017
COD,2011,F,0.5,2017
COD,2012,F,0.69,2017
COD,2013,F,0.96,2017
COD,2014,F,0.82,2017
COD,2015,F,0.63,2017
COD,2016,F,0.44,2017
COD,2017,F,0.44,2017
COD,1971,Catch,5782,2016
COD,1972,Catch,4737,2016
COD,1973,Catch,4015,2016
COD,1974,Catch,2898,2016
COD,1975,Catch,3993,2016
COD,1976,Catch,4818,2016
COD,1977,Catch,3059,2016
COD,1978,Catch,3647,2016
COD,1979,Catch,4650,2016
COD,1980,Catch,7243,2016
COD,1981,Catch,10597,2016
COD,1982,Catch,8766,2016
COD,1983,Catch,9641,2016
COD,1984,Catch,6631,2016
COD,1985,Catch,8317,2016
COD,1986,Catch,10475,2016
COD,1987,Catch,10228,2016
COD,1988,Catch,17191,2016
COD,1989,Catch,19809,2016
COD,1990,Catch,12749,2016
COD,1991,Catch,9336,2016
COD,1992,Catch,9747,2016
COD,1993,Catch,10425,2016
COD,1994,Catch,10620,2016
COD,1995,Catch,11709,2016
COD,1996,Catch,12681,2016
COD,1997,Catch,12035,2016
COD,1998,Catch,11431,2016
COD,1999,Catch,8594,2016
COD,2000,Catch,6536,2016
COD,2001,Catch,8308,2016
COD,2002,Catch,9236,2016
COD,2003,Catch,6420,2016
COD,2004,Catch,3672,2016
COD,2005,Catch,3062,2016
COD,2006,Catch,3776,2016
COD,2007,Catch,4830,2016
COD,2008,Catch,3961,2016
COD,2009,Catch,3292,2016
COD,2010,Catch,3229,2016
COD,2011,Catch,7957,2016
COD,2012,Catch,8644,2016
COD,2013,Catch,6820,2016
COD,2014,Catch,4620,2016
COD,2015,Catch,4719,2016
COD,2016,Catch,4865,2016
COD,1971,SSB,10093,2016
COD,1972,SSB,9298,2016
COD,1973,SSB,8617,2016
COD,1974,SSB,8327,2016
COD,1975,SSB,7526,2016
COD,1976,SSB,7316,2016
COD,1977,SSB,8841,2016
COD,1978,SSB,9689,2016
COD,1979,SSB,9848,2016
COD,1980,SSB,10347,2016
COD,1981,SSB,11212,2016
COD,1982,SSB,13547,2016
COD,1983,SSB,13008,2016
COD,1984,SSB,9568,2016
COD,1985,SSB,13103,2016
COD,1986,SSB,13692,2016
COD,1987,SSB,11364,2016
COD,1988,SSB,16607,2016
COD,1989,SSB,26324,2016
COD,1990,SSB,19126,2016
COD,1991,SSB,10846,2016
COD,1992,SSB,9074,2016
COD,1993,SSB,12282,2016
COD,1994,SSB,14361,2016
COD,1995,SSB,13029,2016
COD,1996,SSB,15919,2016
COD,1997,SSB,14106,2016
COD,1998,SSB,12601,2016
COD,1999,SSB,11002,2016
COD,2000,SSB,7695,2016
COD,2001,SSB,8618,2016
COD,2002,SSB,10881,2016
COD,2003,SSB,8886,2016
COD,2004,SSB,4648,2016
COD,2005,SSB,3403,2016
COD,2006,SSB,3775,2016
COD,2007,SSB,5128,2016
COD,2008,SSB,5466,2016
COD,2009,SSB,5110,2016
COD,2010,SSB,4981,2016
COD,2011,SSB,9100,2016
COD,2012,SSB,13719,2016
COD,2013,SSB,9830,2016
COD,2014,SSB,5247,2016
COD,2015,SSB,5872,2016
COD,2016,SSB,8035,2016
COD,1971,F,0.557,2016
COD,1972,F,0.517,2016
COD,1973,F,0.541,2016
COD,1974,F,0.375,2016
COD,1975,F,0.678,2016
COD,1976,F,0.554,2016
COD,1977,F,0.349,2016
COD,1978,F,0.361,2016
COD,1979,F,0.467,2016
COD,1980,F,0.694,2016
COD,1981,F,0.808,2016
COD,1982,F,0.64,2016
COD,1983,F,0.834,2016
COD,1984,F,0.531,2016
COD,1985,F,0.539,2016
COD,1986,F,0.787,2016
COD,1987,F,0.811,2016
COD,1988,F,0.639,2016
COD,1989,F,0.817,2016
COD,1990,F,0.855,2016
COD,1991,F,0.981,2016
COD,1992,F,0.851,2016
COD,1993,F,0.749,2016
COD,1994,F,0.749,2016
COD,1995,F,0.725,2016
COD,1996,F,0.853,2016
COD,1997,F,0.806,2016
COD,1998,F,0.955,2016
COD,1999,F,0.869,2016
COD,2000,F,0.757,2016
COD,2001,F,0.753,2016
COD,2002,F,0.854,2016
COD,2003,F,0.94,2016
COD,2004,F,0.955,2016
COD,2005,F,0.988,2016
COD,2006,F,0.83,2016
COD,2007,F,0.832,2016
COD,2008,F,0.756,2016
COD,2009,F,0.769,2016
COD,2010,F,0.554,2016
COD,2011,F,0.49,2016
COD,2012,F,0.681,2016
COD,2013,F,0.916,2016
COD,2014,F,0.75,2016
COD,2015,F,0.527,2016
COD,2016,F,0.73,2016
COD,1971,Catch,5782,2015
COD,1972,Catch,4737,2015
COD,1973,Catch,4015,2015
COD,1974,Catch,2898,2015
COD,1975,Catch,3993,2015
COD,1976,Catch,4818,2015
COD,1977,Catch,3059,2015
COD,1978,Catch,3647,2015
COD,1979,Catch,4650,2015
COD,1980,Catch,7243,2015
COD,1981,Catch,10597,2015
COD,1982,Catch,8766,2015
COD,1983,Catch,9641,2015
COD,1984,Catch,6631,2015
COD,1985,Catch,8317,2015
COD,1986,Catch,10475,2015
COD,1987,Catch,10228,2015
COD,1988,Catch,17191,2015
COD,1989,Catch,19809,2015
COD,1990,Catch,12749,2015
COD,1991,Catch,9336,2015
COD,1992,Catch,9747,2015
COD,1993,Catch,10425,2015
COD,1994,Catch,10620,2015
COD,1995,Catch,11709,2015
COD,1996,Catch,12681,2015
COD,1997,Catch,12035,2015
COD,1998,Catch,11431,2015
COD,1999,Catch,8594,2015
COD,2000,Catch,6536,2015
COD,2001,Catch,8308,2015
COD,2002,Catch,9236,2015
COD,2003,Catch,6420,2015
COD,2004,Catch,3672,2015
COD,2005,Catch,3062,2015
COD,2006,Catch,3776,2015
COD,2007,Catch,4830,2015
COD,2008,Catch,3961,2015
COD,2009,Catch,3292,2015
COD,2010,Catch,3229,2015
COD,2011,Catch,7957,2015
COD,2012,Catch,8644,2015
COD,2013,Catch,6887,2015
COD,2014,Catch,4619,2015
COD,2015,Catch,6005,2015
COD,1971,SSB,10093,2015
COD,1972,SSB,9298,2015
COD,1973,SSB,8617,2015
COD,1974,SSB,8327,2015
COD,1975,SSB,7526,2015
COD,1976,SSB,7316,2015
COD,1977,SSB,8841,2015
COD,1978,SSB,9689,2015
COD,1979,SSB,9848,2015
COD,1980,SSB,10347,2015
COD,1981,SSB,11212,2015
COD,1982,SSB,13547,2015
COD,1983,SSB,13008,2015
COD,1984,SSB,9568,2015
COD,1985,SSB,13103,2015
COD,1986,SSB,13692,2015
COD,1987,SSB,11364,2015
COD,1988,SSB,16607,2015
COD,1989,SSB,26324,2015
COD,1990,SSB,19126,2015
COD,1991,SSB,10846,2015
COD,1992,SSB,9074,2015
COD,1993,SSB,12283,2015
COD,1994,SSB,14363,2015
COD,1995,SSB,13034,2015
COD,1996,SSB,15932,2015
COD,1997,SSB,14131,2015
COD,1998,SSB,12647,2015
COD,1999,SSB,11080,2015
COD,2000,SSB,7796,2015
COD,2001,SSB,8745,2015
COD,2002,SSB,11004,2015
COD,2003,SSB,8958,2015
COD,2004,SSB,4689,2015
COD,2005,SSB,3436,2015
COD,2006,SSB,3801,2015
COD,2007,SSB,5157,2015
COD,2008,SSB,5512,2015
COD,2009,SSB,5186,2015
COD,2010,SSB,5089,2015
COD,2011,SSB,9439,2015
COD,2012,SSB,14856,2015
COD,2013,SSB,11610,2015
COD,2014,SSB,7270,2015
COD,2015,SSB,7676,2015
COD,1971,F,0.557,2015
COD,1972,F,0.517,2015
COD,1973,F,0.541,2015
COD,1974,F,0.375,2015
COD,1975,F,0.678,2015
COD,1976,F,0.554,2015
COD,1977,F,0.349,2015
COD,1978,F,0.361,2015
COD,1979,F,0.467,2015
COD,1980,F,0.694,2015
COD,1981,F,0.808,2015
COD,1982,F,0.64,2015
COD,1983,F,0.834,2015
COD,1984,F,0.531,2015
COD,1985,F,0.539,2015
COD,1986,F,0.787,2015
COD,1987,F,0.811,2015
COD,1988,F,0.639,2015
COD,1989,F,0.817,2015
COD,1990,F,0.855,2015
COD,1991,F,0.981,2015
COD,1992,F,0.851,2015
COD,1993,F,0.749,2015
COD,1994,F,0.749,2015
COD,1995,F,0.725,2015
COD,1996,F,0.852,2015
COD,1997,F,0.804,2015
COD,1998,F,0.949,2015
COD,1999,F,0.858,2015
COD,2000,F,0.746,2015
COD,2001,F,0.738,2015
COD,2002,F,0.843,2015
COD,2003,F,0.932,2015
COD,2004,F,0.944,2015
COD,2005,F,0.979,2015
COD,2006,F,0.82,2015
COD,2007,F,0.823,2015
COD,2008,F,0.746,2015
COD,2009,F,0.755,2015
COD,2010,F,0.538,2015
COD,2011,F,0.465,2015
COD,2012,F,0.629,2015
COD,2013,F,0.775,2015
COD,2014,F,0.572,2015
COD,2015,F,0.66,2015
HAD,1993,SSB,7482,2017
HAD,1994,SSB,7969,2017
HAD,1995,SSB,7394,2017
HAD,1996,SSB,19671,2017
HAD,1997,SSB,28560,2017
HAD,1998,SSB,22386,2017
HAD,1999,SSB,14060,2017
HAD,2000,SSB,17306,2017
HAD,2001,SSB,29186,2017
HAD,2002,SSB,36181,2017
HAD,2003,SSB,25237,2017
HAD,2004,SSB,43258,2017
HAD,2005,SSB,29425,2017
HAD,2006,SSB,23508,2017
HAD,2007,SSB,24848,2017
HAD,2008,SSB,23850,2017
HAD,2009,SSB,36168,2017
HAD,2010,SSB,37358,2017
HAD,2011,SSB,85188,2017
HAD,2012,SSB,68042,2017
HAD,2013,SSB,40647,2017
HAD,2014,SSB,24854,2017
HAD,2015,SSB,38298,2017
HAD,2016,SSB,28251,2017
HAD,2017,SSB,32936,2017
HAD,1993,Catch,4556,2017
HAD,1994,Catch,6017,2017
HAD,1995,Catch,6688,2017
HAD,1996,Catch,11065,2017
HAD,1997,Catch,13710,2017
HAD,1998,Catch,8862,2017
HAD,1999,Catch,5556,2017
HAD,2000,Catch,10002,2017
HAD,2001,Catch,12696,2017
HAD,2002,Catch,13561,2017
HAD,2003,Catch,17748,2017
HAD,2004,Catch,15527,2017
HAD,2005,Catch,11978,2017
HAD,2006,Catch,8077,2017
HAD,2007,Catch,9520,2017
HAD,2008,Catch,18642,2017
HAD,2009,Catch,18688,2017
HAD,2010,Catch,26809,2017
HAD,2011,Catch,27257,2017
HAD,2012,Catch,28567,2017
HAD,2013,Catch,15509,2017
HAD,2014,Catch,13031,2017
HAD,2015,Catch,15239,2017
HAD,2016,Catch,17931,2017
HAD,2017,Catch,14995,2017
HAD,1993,F,1.09,2017
HAD,1994,F,1.05,2017
HAD,1995,F,0.85,2017
HAD,1996,F,0.83,2017
HAD,1997,F,0.69,2017
HAD,1998,F,0.75,2017
HAD,1999,F,0.52,2017
HAD,2000,F,0.65,2017
HAD,2001,F,0.69,2017
HAD,2002,F,1.25,2017
HAD,2003,F,0.64,2017
HAD,2004,F,0.77,2017
HAD,2005,F,0.81,2017
HAD,2006,F,0.51,2017
HAD,2007,F,0.4,2017
HAD,2008,F,0.72,2017
HAD,2009,F,0.57,2017
HAD,2010,F,0.59,2017
HAD,2011,F,0.45,2017
HAD,2012,F,0.57,2017
HAD,2013,F,0.5,2017
HAD,2014,F,0.53,2017
HAD,2015,F,0.52,2017
HAD,2016,F,0.67,2017
HAD,2017,F,0.58,2017
HAD,1993,SSB,7450,2016
HAD,1994,SSB,7889,2016
HAD,1995,SSB,7276,2016
HAD,1996,SSB,19341,2016
HAD,1997,SSB,28135,2016
HAD,1998,SSB,22059,2016
HAD,1999,SSB,13784,2016
HAD,2000,SSB,16932,2016
HAD,2001,SSB,28701,2016
HAD,2002,SSB,35681,2016
HAD,2003,SSB,24770,2016
HAD,2004,SSB,42993,2016
HAD,2005,SSB,29134,2016
HAD,2006,SSB,23299,2016
HAD,2007,SSB,24568,2016
HAD,2008,SSB,23584,2016
HAD,2009,SSB,35897,2016
HAD,2010,SSB,37011,2016
HAD,2011,SSB,84951,2016
HAD,2012,SSB,67709,2016
HAD,2013,SSB,40295,2016
HAD,2014,SSB,24534,2016
HAD,2015,SSB,38229,2016
HAD,2016,SSB,26082,2016
HAD,1993,Catch,4556,2016
HAD,1994,Catch,6017,2016
HAD,1995,Catch,6688,2016
HAD,1996,Catch,11065,2016
HAD,1997,Catch,13710,2016
HAD,1998,Catch,8862,2016
HAD,1999,Catch,5556,2016
HAD,2000,Catch,10002,2016
HAD,2001,Catch,12696,2016
HAD,2002,Catch,13561,2016
HAD,2003,Catch,17748,2016
HAD,2004,Catch,15527,2016
HAD,2005,Catch,11978,2016
HAD,2006,Catch,8077,2016
HAD,2007,Catch,9520,2016
HAD,2008,Catch,18642,2016
HAD,2009,Catch,18688,2016
HAD,2010,Catch,26809,2016
HAD,2011,Catch,27257,2016
HAD,2012,Catch,28567,2016
HAD,2013,Catch,15509,2016
HAD,2014,Catch,13031,2016
HAD,2015,Catch,15239,2016
HAD,2016,Catch,13542,2016
HAD,1993,F,1.083,2016
HAD,1994,F,1.045,2016
HAD,1995,F,0.851,2016
HAD,1996,F,0.827,2016
HAD,1997,F,0.68,2016
HAD,1998,F,0.753,2016
HAD,1999,F,0.523,2016
HAD,2000,F,0.649,2016
HAD,2001,F,0.685,2016
HAD,2002,F,1.246,2016
HAD,2003,F,0.632,2016
HAD,2004,F,0.77,2016
HAD,2005,F,0.802,2016
HAD,2006,F,0.513,2016
HAD,2007,F,0.403,2016
HAD,2008,F,0.721,2016
HAD,2009,F,0.562,2016
HAD,2010,F,0.591,2016
HAD,2011,F,0.448,2016
HAD,2012,F,0.577,2016
HAD,2013,F,0.504,2016
HAD,2014,F,0.531,2016
HAD,2015,F,0.519,2016
HAD,2016,F,0.518,2016
HAD,1993,SSB,7423,2015
HAD,1994,SSB,7824,2015
HAD,1995,SSB,7164,2015
HAD,1996,SSB,19084,2015
HAD,1997,SSB,27808,2015
HAD,1998,SSB,21732,2015
HAD,1999,SSB,13514,2015
HAD,2000,SSB,16587,2015
HAD,2001,SSB,28280,2015
HAD,2002,SSB,35180,2015
HAD,2003,SSB,24309,2015
HAD,2004,SSB,42346,2015
HAD,2005,SSB,28356,2015
HAD,2006,SSB,22849,2015
HAD,2007,SSB,24065,2015
HAD,2008,SSB,23097,2015
HAD,2009,SSB,35361,2015
HAD,2010,SSB,36513,2015
HAD,2011,SSB,83210,2015
HAD,2012,SSB,65519,2015
HAD,2013,SSB,38071,2015
HAD,2014,SSB,23212,2015
HAD,2015,SSB,33387,2015
HAD,1993,Catch,4556,2015
HAD,1994,Catch,6017,2015
HAD,1995,Catch,6688,2015
HAD,1996,Catch,11065,2015
HAD,1997,Catch,13710,2015
HAD,1998,Catch,8862,2015
HAD,1999,Catch,5556,2015
HAD,2000,Catch,10002,2015
HAD,2001,Catch,12696,2015
HAD,2002,Catch,13561,2015
HAD,2003,Catch,17748,2015
HAD,2004,Catch,15527,2015
HAD,2005,Catch,11978,2015
HAD,2006,Catch,8077,2015
HAD,2007,Catch,9520,2015
HAD,2008,Catch,18642,2015
HAD,2009,Catch,18688,2015
HAD,2010,Catch,26809,2015
HAD,2011,Catch,27257,2015
HAD,2012,Catch,28567,2015
HAD,2013,Catch,15509,2015
HAD,2014,Catch,13031,2015
HAD,2015,Catch,15209,2015
HAD,1993,F,1.088,2015
HAD,1994,F,1.057,2015
HAD,1995,F,0.861,2015
HAD,1996,F,0.832,2015
HAD,1997,F,0.685,2015
HAD,1998,F,0.76,2015
HAD,1999,F,0.53,2015
HAD,2000,F,0.655,2015
HAD,2001,F,0.691,2015
HAD,2002,F,1.259,2015
HAD,2003,F,0.636,2015
HAD,2004,F,0.774,2015
HAD,2005,F,0.809,2015
HAD,2006,F,0.52,2015
HAD,2007,F,0.407,2015
HAD,2008,F,0.727,2015
HAD,2009,F,0.567,2015
HAD,2010,F,0.595,2015
HAD,2011,F,0.46,2015
HAD,2012,F,0.608,2015
HAD,2013,F,0.548,2015
HAD,2014,F,0.595,2015
HAD,2015,F,0.58,2015
WHG,1999,SSB,50345,2017
WHG,2000,SSB,42405,2017
WHG,2001,SSB,50581,2017
WHG,2002,SSB,57285,2017
WHG,2003,SSB,44974,2017
WHG,2004,SSB,38920,2017
WHG,2005,SSB,40600,2017
WHG,2006,SSB,34313,2017
WHG,2007,SSB,29709,2017
WHG,2008,SSB,25724,2017
WHG,2009,SSB,34918,2017
WHG,2010,SSB,49971,2017
WHG,2011,SSB,78700,2017
WHG,2012,SSB,85208,2017
WHG,2013,SSB,79409,2017
WHG,2014,SSB,68013,2017
WHG,2015,SSB,86891,2017
WHG,2016,SSB,66195,2017
WHG,2017,SSB,58288,2017
WHG,1999,Catch,25600,2017
WHG,2000,Catch,20044,2017
WHG,2001,Catch,23073,2017
WHG,2002,Catch,20976,2017
WHG,2003,Catch,14657,2017
WHG,2004,Catch,16669,2017
WHG,2005,Catch,18907,2017
WHG,2006,Catch,21691,2017
WHG,2007,Catch,17542,2017
WHG,2008,Catch,8739,2017
WHG,2009,Catch,10673,2017
WHG,2010,Catch,11522,2017
WHG,2011,Catch,11452,2017
WHG,2012,Catch,12261,2017
WHG,2013,Catch,14914,2017
WHG,2014,Catch,16824,2017
WHG,2015,Catch,19275,2017
WHG,2016,Catch,22457,2017
WHG,2017,Catch,20788,2017
WHG,1999,F,0.72,2017
WHG,2000,F,0.7,2017
WHG,2001,F,0.78,2017
WHG,2002,F,0.58,2017
WHG,2003,F,0.43,2017
WHG,2004,F,0.41,2017
WHG,2005,F,0.72,2017
WHG,2006,F,0.78,2017
WHG,2007,F,0.9,2017
WHG,2008,F,0.51,2017
WHG,2009,F,0.39,2017
WHG,2010,F,0.37,2017
WHG,2011,F,0.26,2017
WHG,2012,F,0.17,2017
WHG,2013,F,0.22,2017
WHG,2014,F,0.27,2017
WHG,2015,F,0.34,2017
WHG,2016,F,0.43,2017
WHG,2017,F,0.43,2017
WHG,1999,SSB,50349,2016
WHG,2000,SSB,42393,2016
WHG,2001,SSB,50541,2016
WHG,2002,SSB,57302,2016
WHG,2003,SSB,44966,2016
WHG,2004,SSB,38841,2016
WHG,2005,SSB,40538,2016
WHG,2006,SSB,34251,2016
WHG,2007,SSB,29641,2016
WHG,2008,SSB,25544,2016
WHG,2009,SSB,34600,2016
WHG,2010,SSB,49345,2016
WHG,2011,SSB,77142,2016
WHG,2012,SSB,83957,2016
WHG,2013,SSB,77310,2016
WHG,2014,SSB,63959,2016
WHG,2015,SSB,83393,2016
WHG,2016,SSB,63908,2016
WHG,1999,Catch,25600,2016
WHG,2000,Catch,20044,2016
WHG,2001,Catch,23073,2016
WHG,2002,Catch,20976,2016
WHG,2003,Catch,14657,2016
WHG,2004,Catch,16669,2016
WHG,2005,Catch,18907,2016
WHG,2006,Catch,21691,2016
WHG,2007,Catch,17542,2016
WHG,2008,Catch,8739,2016
WHG,2009,Catch,10673,2016
WHG,2010,Catch,11522,2016
WHG,2011,Catch,11452,2016
WHG,2012,Catch,12261,2016
WHG,2013,Catch,14914,2016
WHG,2014,Catch,16824,2016
WHG,2015,Catch,19275,2016
WHG,2016,Catch,16679,2016
WHG,1999,F,0.719,2016
WHG,2000,F,0.703,2016
WHG,2001,F,0.781,2016
WHG,2002,F,0.581,2016
WHG,2003,F,0.428,2016
WHG,2004,F,0.411,2016
WHG,2005,F,0.725,2016
WHG,2006,F,0.784,2016
WHG,2007,F,0.905,2016
WHG,2008,F,0.513,2016
WHG,2009,F,0.392,2016
WHG,2010,F,0.376,2016
WHG,2011,F,0.262,2016
WHG,2012,F,0.177,2016
WHG,2013,F,0.22,2016
WHG,2014,F,0.282,2016
WHG,2015,F,0.382,2016
WHG,2016,F,0.294,2016
WHG,1999,SSB,50311,2015
WHG,2000,SSB,42385,2015
WHG,2001,SSB,50451,2015
WHG,2002,SSB,57214,2015
WHG,2003,SSB,44731,2015
WHG,2004,SSB,38624,2015
WHG,2005,SSB,40350,2015
WHG,2006,SSB,34119,2015
WHG,2007,SSB,29473,2015
WHG,2008,SSB,25266,2015
WHG,2009,SSB,34076,2015
WHG,2010,SSB,47977,2015
WHG,2011,SSB,74688,2015
WHG,2012,SSB,79438,2015
WHG,2013,SSB,72714,2015
WHG,2014,SSB,58779,2015
WHG,2015,SSB,83052,2015
WHG,1999,Catch,25598,2015
WHG,2000,Catch,20045,2015
WHG,2001,Catch,23070,2015
WHG,2002,Catch,20977,2015
WHG,2003,Catch,14656,2015
WHG,2004,Catch,16670,2015
WHG,2005,Catch,18911,2015
WHG,2006,Catch,21691,2015
WHG,2007,Catch,17543,2015
WHG,2008,Catch,8740,2015
WHG,2009,Catch,10614,2015
WHG,2010,Catch,11596,2015
WHG,2011,Catch,11438,2015
WHG,2012,Catch,12630,2015
WHG,2013,Catch,14796,2015
WHG,2014,Catch,16742,2015
WHG,2015,Catch,14921,2015
WHG,1999,F,0.719,2015
WHG,2000,F,0.703,2015
WHG,2001,F,0.782,2015
WHG,2002,F,0.583,2015
WHG,2003,F,0.43,2015
WHG,2004,F,0.414,2015
WHG,2005,F,0.732,2015
WHG,2006,F,0.792,2015
WHG,2007,F,0.916,2015
WHG,2008,F,0.522,2015
WHG,2009,F,0.401,2015
WHG,2010,F,0.387,2015
WHG,2011,F,0.272,2015
WHG,2012,F,0.187,2015
WHG,2013,F,0.238,2015
WHG,2014,F,0.319,2015
WHG,2015,F,0.25,2015
COD,1971,SSB,10093,2019
COD,1972,SSB,9298,2019
COD,1973,SSB,8617,2019
COD,1974,SSB,8327,2019
COD,1975,SSB,7526,2019
COD,1976,SSB,7316,2019
COD,1977,SSB,8841,2019
COD,1978,SSB,9689,2019
COD,1979,SSB,9848,2019
COD,1980,SSB,10347,2019
COD,1981,SSB,11212,2019
COD,1982,SSB,13547,2019
COD,1983,SSB,13008,2019
COD,1984,SSB,9568,2019
COD,1985,SSB,13103,2019
COD,1986,SSB,13692,2019
COD,1987,SSB,11364,2019
COD,1988,SSB,16606,2019
COD,1989,SSB,26324,2019
COD,1990,SSB,19126,2019
COD,1991,SSB,10846,2019
COD,1992,SSB,9073,2019
COD,1993,SSB,12280,2019
COD,1994,SSB,14357,2019
COD,1995,SSB,13019,2019
COD,1996,SSB,15899,2019
COD,1997,SSB,14065,2019
COD,1998,SSB,12522,2019
COD,1999,SSB,10883,2019
COD,2000,SSB,7548,2019
COD,2001,SSB,8421,2019
COD,2002,SSB,10738,2019
COD,2003,SSB,8795,2019
COD,2004,SSB,4596,2019
COD,2005,SSB,3359,2019
COD,2006,SSB,3739,2019
COD,2007,SSB,5084,2019
COD,2008,SSB,5402,2019
COD,2009,SSB,5022,2019
COD,2010,SSB,4875,2019
COD,2011,SSB,8961,2019
COD,2012,SSB,13492,2019
COD,2013,SSB,9470,2019
COD,2014,SSB,4716,2019
COD,2015,SSB,4501,2019
COD,2016,SSB,4689,2019
COD,2017,SSB,2554,2019
COD,2018,SSB,1783,2019
COD,2019,SSB,1290,2019
HAD,1993,SSB,7550,2019
HAD,1994,SSB,8114,2019
HAD,1995,SSB,7509,2019
HAD,1996,SSB,19979,2019
HAD,1997,SSB,29116,2019
HAD,1998,SSB,22775,2019
HAD,1999,SSB,14458,2019
HAD,2000,SSB,17833,2019
HAD,2001,SSB,29759,2019
HAD,2002,SSB,36655,2019
HAD,2003,SSB,25954,2019
HAD,2004,SSB,43868,2019
HAD,2005,SSB,30228,2019
HAD,2006,SSB,23989,2019
HAD,2007,SSB,25527,2019
HAD,2008,SSB,24448,2019
HAD,2009,SSB,36875,2019
HAD,2010,SSB,38136,2019
HAD,2011,SSB,86471,2019
HAD,2012,SSB,69258,2019
HAD,2013,SSB,43200,2019
HAD,2014,SSB,28258,2019
HAD,2015,SSB,43106,2019
HAD,2016,SSB,33794,2019
HAD,2017,SSB,38018,2019
HAD,2018,SSB,24239,2019
HAD,2019,SSB,14205,2019
WHG,1999,SSB,50358,2019
WHG,2000,SSB,42448,2019
WHG,2001,SSB,50757,2019
WHG,2002,SSB,57627,2019
WHG,2003,SSB,45333,2019
WHG,2004,SSB,39250,2019
WHG,2005,SSB,40891,2019
WHG,2006,SSB,34549,2019
WHG,2007,SSB,29891,2019
WHG,2008,SSB,25827,2019
WHG,2009,SSB,34946,2019
WHG,2010,SSB,49749,2019
WHG,2011,SSB,78031,2019
WHG,2012,SSB,84341,2019
WHG,2013,SSB,78155,2019
WHG,2014,SSB,66763,2019
WHG,2015,SSB,74356,2019
WHG,2016,SSB,54055,2019
WHG,2017,SSB,34901,2019
WHG,2018,SSB,24379,2019
WHG,2019,SSB,17423,2019
COD,1971,Catch,5782,2019
COD,1972,Catch,4737,2019
COD,1973,Catch,4015,2019
COD,1974,Catch,2898,2019
COD,1975,Catch,3993,2019
COD,1976,Catch,4818,2019
COD,1977,Catch,3059,2019
COD,1978,Catch,3647,2019
COD,1979,Catch,4650,2019
COD,1980,Catch,7243,2019
COD,1981,Catch,10597,2019
COD,1982,Catch,8766,2019
COD,1983,Catch,9641,2019
COD,1984,Catch,6631,2019
COD,1985,Catch,8317,2019
COD,1986,Catch,10475,2019
COD,1987,Catch,10228,2019
COD,1988,Catch,17191,2019
COD,1989,Catch,19809,2019
COD,1990,Catch,12749,2019
COD,1991,Catch,9336,2019
COD,1992,Catch,9747,2019
COD,1993,Catch,10425,2019
COD,1994,Catch,10620,2019
COD,1995,Catch,11709,2019
COD,1996,Catch,12681,2019
COD,1997,Catch,12035,2019
COD,1998,Catch,11431,2019
COD,1999,Catch,8594,2019
COD,2000,Catch,6536,2019
COD,2001,Catch,8308,2019
COD,2002,Catch,9236,2019
COD,2003,Catch,6420,2019
COD,2004,Catch,3672,2019
COD,2005,Catch,3062,2019
COD,2006,Catch,3776,2019
COD,2007,Catch,4830,2019
COD,2008,Catch,3961,2019
COD,2009,Catch,3292,2019
COD,2010,Catch,3229,2019
COD,2011,Catch,7261,2019
COD,2012,Catch,7692,2019
COD,2013,Catch,6290,2019
COD,2014,Catch,3879,2019
COD,2015,Catch,4154,2019
COD,2016,Catch,3299,2019
COD,2017,Catch,2237,2019
COD,2018,Catch,1385,2019
COD,2019,Catch,1321,2019
HAD,1993,Catch,4556,2019
HAD,1994,Catch,6017,2019
HAD,1995,Catch,6688,2019
HAD,1996,Catch,11065,2019
HAD,1997,Catch,13710,2019
HAD,1998,Catch,8862,2019
HAD,1999,Catch,5556,2019
HAD,2000,Catch,10002,2019
HAD,2001,Catch,12696,2019
HAD,2002,Catch,13561,2019
HAD,2003,Catch,17748,2019
HAD,2004,Catch,15527,2019
HAD,2005,Catch,11978,2019
HAD,2006,Catch,8077,2019
HAD,2007,Catch,9520,2019
HAD,2008,Catch,18642,2019
HAD,2009,Catch,18688,2019
HAD,2010,Catch,26809,2019
HAD,2011,Catch,27257,2019
HAD,2012,Catch,28567,2019
HAD,2013,Catch,15509,2019
HAD,2014,Catch,13031,2019
HAD,2015,Catch,15239,2019
HAD,2016,Catch,17931,2019
HAD,2017,Catch,16072,2019
HAD,2018,Catch,12545,2019
HAD,2019,Catch,20457,2019
WHG,1999,Catch,25600,2019
WHG,2000,Catch,20044,2019
WHG,2001,Catch,23073,2019
WHG,2002,Catch,20976,2019
WHG,2003,Catch,14657,2019
WHG,2004,Catch,16669,2019
WHG,2005,Catch,18907,2019
WHG,2006,Catch,21691,2019
WHG,2007,Catch,17542,2019
WHG,2008,Catch,8739,2019
WHG,2009,Catch,10673,2019
WHG,2010,Catch,11522,2019
WHG,2011,Catch,11452,2019
WHG,2012,Catch,12261,2019
WHG,2013,Catch,14914,2019
WHG,2014,Catch,16824,2019
WHG,2015,Catch,19275,2019
WHG,2016,Catch,22457,2019
WHG,2017,Catch,16198,2019
WHG,2018,Catch,10268,2019
WHG,2019,Catch,9183,2019
COD,1971,F,0.557,2019
COD,1972,F,0.517,2019
COD,1973,F,0.541,2019
COD,1974,F,0.375,2019
COD,1975,F,0.678,2019
COD,1976,F,0.554,2019
COD,1977,F,0.349,2019
COD,1978,F,0.361,2019
COD,1979,F,0.467,2019
COD,1980,F,0.694,2019
COD,1981,F,0.808,2019
COD,1982,F,0.64,2019
COD,1983,F,0.834,2019
COD,1984,F,0.531,2019
COD,1985,F,0.539,2019
COD,1986,F,0.787,2019
COD,1987,F,0.811,2019
COD,1988,F,0.639,2019
COD,1989,F,0.817,2019
COD,1990,F,0.855,2019
COD,1991,F,0.981,2019
COD,1992,F,0.851,2019
COD,1993,F,0.749,2019
COD,1994,F,0.75,2019
COD,1995,F,0.726,2019
COD,1996,F,0.855,2019
COD,1997,F,0.81,2019
COD,1998,F,0.965,2019
COD,1999,F,0.887,2019
COD,2000,F,0.775,2019
COD,2001,F,0.771,2019
COD,2002,F,0.868,2019
COD,2003,F,0.951,2019
COD,2004,F,0.971,2019
COD,2005,F,1.002,2019
COD,2006,F,0.846,2019
COD,2007,F,0.846,2019
COD,2008,F,0.771,2019
COD,2009,F,0.786,2019
COD,2010,F,0.575,2019
COD,2011,F,0.501,2019
COD,2012,F,0.698,2019
COD,2013,F,0.984,2019
COD,2014,F,0.89,2019
COD,2015,F,0.798,2019
COD,2016,F,0.711,2019
COD,2017,F,1.052,2019
COD,2018,F,0.833,2019
COD,2019,F,0.87,2019
HAD,1993,F,1.087,2019
HAD,1994,F,1.064,2019
HAD,1995,F,0.838,2019
HAD,1996,F,0.83,2019
HAD,1997,F,0.703,2019
HAD,1998,F,0.746,2019
HAD,1999,F,0.513,2019
HAD,2000,F,0.655,2019
HAD,2001,F,0.696,2019
HAD,2002,F,1.238,2019
HAD,2003,F,0.653,2019
HAD,2004,F,0.774,2019
HAD,2005,F,0.814,2019
HAD,2006,F,0.508,2019
HAD,2007,F,0.406,2019
HAD,2008,F,0.724,2019
HAD,2009,F,0.57,2019
HAD,2010,F,0.591,2019
HAD,2011,F,0.463,2019
HAD,2012,F,0.572,2019
HAD,2013,F,0.491,2019
HAD,2014,F,0.509,2019
HAD,2015,F,0.478,2019
HAD,2016,F,0.619,2019
HAD,2017,F,0.627,2019
HAD,2018,F,0.773,2019
HAD,2019,F,0.77,2019
WHG,1999,F,0.72,2019
WHG,2000,F,0.7,2019
WHG,2001,F,0.78,2019
WHG,2002,F,0.58,2019
WHG,2003,F,0.42,2019
WHG,2004,F,0.41,2019
WHG,2005,F,0.71,2019
WHG,2006,F,0.77,2019
WHG,2007,F,0.89,2019
WHG,2008,F,0.5,2019
WHG,2009,F,0.38,2019
WHG,2010,F,0.37,2019
WHG,2011,F,0.26,2019
WHG,2012,F,0.176,2019
WHG,2013,F,0.22,2019
WHG,2014,F,0.28,2019
WHG,2015,F,0.37,2019
WHG,2016,F,0.52,2019
WHG,2017,F,0.65,2019
WHG,2018,F,0.62,2019
WHG,2019,F,0.62,2019
